Workbook

Sheet Products
A1: ProductID | B1: Product | C1: Price | D1: Order Status
A2: 101 | B2: Product A | C2: 120 | D2: =IF(ISNA(VLOOKUP(A2,Orders!$B$2:$B$7,1,FALSE)),"Not Ordered","Ordered") -> Ordered
A3: 102 | B3: Product B | C3: 150 | D3: =IF(ISNA(VLOOKUP(A3,Orders!$B$2:$B$7,1,FALSE)),"Not Ordered","Ordered") -> Ordered
A4: 103 | B4: Product C | C4: 200 | D4: =IF(ISNA(VLOOKUP(A4,Orders!$B$2:$B$7,1,FALSE)),"Not Ordered","Ordered") -> Ordered
A5: 104 | B5: Product D | C5: 90 | D5: =IF(ISNA(VLOOKUP(A5,Orders!$B$2:$B$7,1,FALSE)),"Not Ordered","Ordered") -> Ordered
A6: 105 | B6: Product E | C6: 220 | D6: =IF(ISNA(VLOOKUP(A6,Orders!$B$2:$B$7,1,FALSE)),"Not Ordered","Ordered") -> Ordered
A7: 106 | B7: Product F | C7: 130 | D7: =IF(ISNA(VLOOKUP(A7,Orders!$B$2:$B$7,1,FALSE)),"Not Ordered","Ordered") -> Ordered
A10: ProductID | B10: Product Name | C10: Total Quantity Sold
A11: 101 | B11: =VLOOKUP(A11,Products!$A$2:$C$7,2,FALSE) -> Product A | C11: =SUMIF(Orders!$B$2:$B$7,A11,Orders!$C$2:$C$7) -> 2
A12: 102 | B12: =VLOOKUP(A12,Products!$A$2:$C$7,2,FALSE) -> Product B | C12: =SUMIF(Orders!$B$2:$B$7,A12,Orders!$C$2:$C$7) -> 5
A13: 103 | B13: =VLOOKUP(A13,Products!$A$2:$C$7,2,FALSE) -> Product C | C13: =SUMIF(Orders!$B$2:$B$7,A13,Orders!$C$2:$C$7) -> 1
A14: 104 | B14: =VLOOKUP(A14,Products!$A$2:$C$7,2,FALSE) -> Product D | C14: =SUMIF(Orders!$B$2:$B$7,A14,Orders!$C$2:$C$7) -> 6
A15: 105 | B15: =VLOOKUP(A15,Products!$A$2:$C$7,2,FALSE) -> Product E | C15: =SUMIF(Orders!$B$2:$B$7,A15,Orders!$C$2:$C$7) -> 4
A16: 106 | B16: =VLOOKUP(A16,Products!$A$2:$C$7,2,FALSE) -> Product F | C16: =SUMIF(Orders!$B$2:$B$7,A16,Orders!$C$2:$C$7) -> 3
A19: Maximum Order Value | B19: =MAX(Orders!$I$2:$I$7) -> 880

Sheet Orders
A1: OrderID | B1: ProductID | C1: Quantity | D1: TotalPrice | E1: Product Name | F1: Price | G1: ID Check | H1: Discounted Price | I1: Order Value
A2: 1 | B2: 101 | C2: 2 | D2: =C2*F2 -> 240 | E2: =VLOOKUP(B2,Products!$A$2:$C$7,2,FALSE) -> Product A | F2: =VLOOKUP(B2,Products!$A$2:$C$7,3,FALSE) -> 120 | G2: =IF(ISNA(VLOOKUP(B2,Products!$A$2:$C$7,1,FALSE)),"Not Found","Found") -> Found | H2: =F2*(1-10%) -> 108 | I2: =C2*F2 -> 240
A3: 2 | B3: 103 | C3: 1 | D3: =C3*F3 -> 200 | E3: =VLOOKUP(B3,Products!$A$2:$C$7,2,FALSE) -> Product C | F3: =VLOOKUP(B3,Products!$A$2:$C$7,3,FALSE) -> 200 | G3: =IF(ISNA(VLOOKUP(B3,Products!$A$2:$C$7,1,FALSE)),"Not Found","Found") -> Found | H3: =F3*(1-10%) -> 180 | I3: =C3*F3 -> 200
A4: 3 | B4: 105 | C4: 4 | D4: =C4*F4 -> 880 | E4: =VLOOKUP(B4,Products!$A$2:$C$7,2,FALSE) -> Product E | F4: =VLOOKUP(B4,Products!$A$2:$C$7,3,FALSE) -> 220 | G4: =IF(ISNA(VLOOKUP(B4,Products!$A$2:$C$7,1,FALSE)),"Not Found","Found") -> Found | H4: =F4*(1-10%) -> 198 | I4: =C4*F4 -> 880
A5: 4 | B5: 106 | C5: 3 | D5: =C5*F5 -> 390 | E5: =VLOOKUP(B5,Products!$A$2:$C$7,2,FALSE) -> Product F | F5: =VLOOKUP(B5,Products!$A$2:$C$7,3,FALSE) -> 130 | G5: =IF(ISNA(VLOOKUP(B5,Products!$A$2:$C$7,1,FALSE)),"Not Found","Found") -> Found | H5: =F5*(1-10%) -> 117 | I5: =C5*F5 -> 390
A6: 5 | B6: 102 | C6: 5 | D6: =C6*F6 -> 750 | E6: =VLOOKUP(B6,Products!$A$2:$C$7,2,FALSE) -> Product B | F6: =VLOOKUP(B6,Products!$A$2:$C$7,3,FALSE) -> 150 | G6: =IF(ISNA(VLOOKUP(B6,Products!$A$2:$C$7,1,FALSE)),"Not Found","Found") -> Found | H6: =F6*(1-10%) -> 135 | I6: =C6*F6 -> 750
A7: 6 | B7: 104 | C7: 6 | D7: =C7*F7 -> 540 | E7: =VLOOKUP(B7,Products!$A$2:$C$7,2,FALSE) -> Product D | F7: =VLOOKUP(B7,Products!$A$2:$C$7,3,FALSE) -> 90 | G7: =IF(ISNA(VLOOKUP(B7,Products!$A$2:$C$7,1,FALSE)),"Not Found","Found") -> Found | H7: =F7*(1-10%) -> 81 | I7: =C7*F7 -> 540
